{"encoders": {"protocol": {"ICMP": 0, "TCP": 1, "UDP": 2}, "conn_state": {"EST": 0, "RST": 1}, "protocol_conn": {"ICMP_EST": 0, "TCP_EST": 1, "TCP_RST": 2, "UDP_EST": 3, "UDP_RST": 4}}, "scaler": {"src_port": {"mean": 33246.5635, "std": 18596.488134845324}, "dst_port": {"mean": 31753.2935, "std": 19035.24528176159}, "packet_count": {"mean": 231.3435, "std": 240.74872685539012}, "bytes_transferred": {"mean": 263807.8191732976, "std": 188586.47724561035}, "bytes_log": {"mean": 12.108007492561102, "std": 1.2091133034272437}, "packet_log": {"mean": 5.047095504013749, "std": 1.0104365539145155}, "hour": {"mean": 4.0, "std": 1.0}, "dayofweek": {"mean": 0.0, "std": 1.0}, "is_weekend": {"mean": 0.0, "std": 1.0}, "hour_sin": {"mean": 0.86602540376951, "std": 1.0}, "hour_cos": {"mean": 0.5000000000259207, "std": 1.0}}}